loss,grad_norm,learning_rate,rewards/chosen,rewards/rejected,rewards/accuracies,rewards/margins,logps/chosen,logps/rejected,logits/chosen,logits/rejected,epoch,step,train_runtime,train_samples_per_second,train_steps_per_second,total_flos,train_loss
0.6931,9.261990547180176,3e-05,0.0,0.0,0.0,0.0,-198.06710815429688,-340.2521057128906,-1.004948973655701,-0.0910401716828346,0.0425531914893617,1,,,,,
0.6931,9.183768272399902,6e-05,0.0,0.0,0.0,0.0,-192.89498901367188,-334.17852783203125,-0.9664840698242188,-0.1377660930156707,0.0851063829787234,2,,,,,
0.5815,8.23068904876709,8.999999999999999e-05,0.1175388246774673,-0.1214085668325424,1.0,0.2389473915100097,-189.2440185546875,-337.8658447265625,-1.0325835943222046,-0.1587929874658584,0.1276595744680851,3,,,,,
0.1857,3.353116512298584,0.0001199999999999,0.7853302359580994,-0.8279328942298889,1.0,1.6132630109786987,-185.8375396728516,-347.4104919433594,-1.0564316511154177,-0.1121148318052291,0.1702127659574468,4,,,,,
0.0127,0.2893873453140259,0.00015,1.7858037948608398,-2.850221872329712,1.0,4.636025905609131,-174.23887634277344,-364.534423828125,-1.1561192274093628,-0.1215387135744094,0.2127659574468085,5,,,,,
0.0004,0.0132243251428008,0.0001799999999999,2.6105165481567383,-6.076348304748535,1.0,8.686864852905273,-166.25741577148438,-393.8251647949219,-1.1047937870025637,-0.1358935087919235,0.2553191489361702,6,,,,,
0.0,0.0012788170715793,0.0002099999999999,2.7438414096832275,-10.123867988586426,1.0,12.867709159851074,-167.29483032226562,-439.4228515625,-1.0493766069412231,-0.0746932178735733,0.2978723404255319,7,,,,,
0.0,0.0001107068819692,0.0002399999999999,2.191735982894897,-14.69857406616211,1.0,16.89031219482422,-171.1078643798828,-480.2283935546875,-1.0030803680419922,-0.0834076926112175,0.3404255319148936,8,,,,,
0.0,6.91592276780284e-06,0.00027,1.1692084074020386,-19.476842880249023,1.0,20.64605140686035,-188.34686279296875,-536.736572265625,-0.9405182003974916,-0.1440922021865844,0.3829787234042553,9,,,,,
0.0,9.56030453380663e-06,0.0003,-0.5289708375930786,-25.52237892150879,1.0,24.993406295776367,-197.2633056640625,-599.7706298828125,-1.0131747722625732,-0.16895392537117,0.425531914893617,10,,,,,
0.6931,9.261664390563965,2.9999999999999997e-05,0.0,0.0,0.0,0.0,-198.06710815429688,-340.2521057128906,-1.0049489736557007,-0.09104017168283463,0.0425531914893617,1,,,,,
0.6931,9.183613777160645,5.9999999999999995e-05,0.0,0.0,0.0,0.0,-192.89498901367188,-334.17852783203125,-0.9664840698242188,-0.13776609301567078,0.0851063829787234,2,,,,,
0.5811,8.226584434509277,8.999999999999999e-05,0.12445302307605743,-0.11554056406021118,0.99609375,0.23999358713626862,-189.17489624023438,-337.80718994140625,-1.0319719314575195,-0.15885059535503387,0.1276595744680851,3,,,,,
0.185,3.3358285427093506,0.00011999999999999999,0.7919082641601562,-0.8263707160949707,1.0,1.618278980255127,-185.77175903320312,-347.3948669433594,-1.057621717453003,-0.11232836544513702,0.1702127659574468,4,,,,,
0.0127,0.2887483835220337,0.00015,1.7915289402008057,-2.8439409732818604,1.0,4.635469913482666,-174.18162536621094,-364.47161865234375,-1.1566160917282104,-0.12112124264240265,0.2127659574468085,5,,,,,
0.0004,0.013261985965073109,0.00017999999999999998,2.6050095558166504,-6.082973003387451,1.0,8.687982559204102,-166.31248474121094,-393.89141845703125,-1.1030207872390747,-0.13509827852249146,0.2553191489361702,6,,,,,
0.0,0.0012719169026240706,0.00020999999999999998,2.722048282623291,-10.130714416503906,1.0,12.852764129638672,-167.51275634765625,-439.49127197265625,-1.0433263778686523,-0.07200929522514343,0.2978723404255319,7,,,,,
0.0,0.00012212312140036374,0.00023999999999999998,2.1566929817199707,-14.708909034729004,1.0,16.865602493286133,-171.4582977294922,-480.331787109375,-0.9932024478912354,-0.07959287613630295,0.3404255319148936,8,,,,,
0.0,7.559100140497321e-06,0.00027,1.1103146076202393,-19.499414443969727,1.0,20.609729766845703,-188.935791015625,-536.9622802734375,-0.9350852966308594,-0.14349915087223053,0.3829787234042553,9,,,,,
0.0,1.0743533493950963e-05,0.0003,-0.5981374979019165,-25.554317474365234,1.0,24.9561767578125,-197.9549560546875,-600.090087890625,-1.0123735666275024,-0.17054244875907898,0.425531914893617,10,,,,,
0.0,4.4955744670005515e-05,0.0002986363636363636,-3.186674118041992,-30.574420928955078,1.0,27.387746810913086,-229.025634765625,-653.1087036132812,-0.9667645692825317,-0.27166748046875,0.46808510638297873,11,,,,,
0.0,4.673546209232882e-05,0.00029727272727272724,-5.992581844329834,-35.72332763671875,1.0,29.730745315551758,-251.9091339111328,-698.3468017578125,-1.1287680864334106,-0.43912968039512634,0.5106382978723404,12,,,,,
0.0012,0.31113365292549133,0.00029590909090909087,-8.9362154006958,-40.664268493652344,1.0,31.728052139282227,-287.6806335449219,-746.0702514648438,-1.077967882156372,-0.5312569737434387,0.5531914893617021,13,,,,,
0.0,4.3198378989472985e-06,0.0002945454545454545,-7.319880962371826,-44.36482238769531,1.0,37.0449333190918,-269.39410400390625,-790.4906005859375,-1.1712123155593872,-0.6244960427284241,0.5957446808510638,14,,,,,
0.0002,0.05717678368091583,0.00029318181818181814,-8.01093578338623,-46.058738708496094,1.0,38.04780578613281,-279.511474609375,-796.5740356445312,-1.0989885330200195,-0.6410096287727356,0.6382978723404256,15,,,,,
0.0,3.3839962725323858e-06,0.0002918181818181818,-6.1930742263793945,-46.703956604003906,1.0,40.51088333129883,-251.6971435546875,-804.6591186523438,-1.1140668392181396,-0.6356124877929688,0.6808510638297872,16,,,,,
0.0,1.963978684216272e-05,0.0002904545454545454,-6.19145393371582,-49.033329010009766,1.0,42.841880798339844,-253.94163513183594,-824.5772094726562,-1.0918569564819336,-0.6285154819488525,0.723404255319149,17,,,,,
0.0,7.683862573992783e-11,0.00028909090909090904,-6.270353317260742,-49.88862991333008,1.0,43.6182746887207,-256.7850646972656,-836.9961547851562,-1.1354265213012695,-0.7158753871917725,0.7659574468085106,18,,,,,
0.0,0.000711253029294312,0.0002877272727272727,-5.9170451164245605,-51.40560531616211,1.0,45.488563537597656,-249.08883666992188,-850.3973388671875,-1.145440936088562,-0.7373035550117493,0.8085106382978723,19,,,,,
0.0,0.008037242107093334,0.00028636363636363636,-6.640377044677734,-52.52247619628906,1.0,45.88209533691406,-262.863525390625,-862.168212890625,-1.234499454498291,-0.7835440039634705,0.851063829787234,20,,,,,
0.0,9.15917937049926e-08,0.000285,-6.706270694732666,-52.669803619384766,1.0,45.96353530883789,-265.2308044433594,-867.7794189453125,-1.1936805248260498,-0.7632541656494141,0.8936170212765957,21,,,,,
0.0,3.230916334473477e-08,0.0002836363636363636,-6.120908260345459,-54.48379135131836,1.0,48.36288070678711,-252.96315002441406,-883.7618408203125,-1.3162710666656494,-0.8305069804191589,0.9361702127659575,22,,,,,
0.0,1.0271952177731691e-09,0.00028227272727272725,-5.641355514526367,-53.833778381347656,1.0,48.192420959472656,-244.9292755126953,-877.0299682617188,-1.2817221879959106,-0.8269065022468567,0.9787234042553191,23,,,,,
0.0,2.2610514155418926e-11,0.0002809090909090909,-6.030707836151123,-55.1617431640625,1.0,49.13103103637695,-253.6305694580078,-890.5751342773438,-1.3792170286178589,-0.9062954187393188,1.0,24,,,,,
0.0,2.0233408282166465e-09,0.0002795454545454545,-5.619123458862305,-56.076499938964844,1.0,50.45737075805664,-243.04522705078125,-901.0228881835938,-1.3435347080230713,-0.941293478012085,1.0425531914893618,25,,,,,
0.0,2.672832510874912e-10,0.00027818181818181815,-5.75084114074707,-55.85382843017578,1.0,50.10298538208008,-246.11976623535156,-892.4222412109375,-1.4847760200500488,-1.0133492946624756,1.0851063829787233,26,,,,,
0.0,2.5924356350515154e-07,0.0002768181818181818,-7.2106170654296875,-58.05376052856445,1.0,50.84314727783203,-262.50384521484375,-917.5064697265625,-1.4831771850585938,-1.0426161289215088,1.127659574468085,27,,,,,
0.0,5.3635996977163813e-08,0.0002754545454545454,-7.491372108459473,-58.098411560058594,1.0,50.607032775878906,-273.3389892578125,-921.9181518554688,-1.3784900903701782,-0.9919219017028809,1.1702127659574468,28,,,,,
0.0,2.090673856258718e-09,0.0002740909090909091,-7.249354362487793,-57.82923889160156,1.0,50.57988739013672,-266.0036315917969,-916.2479858398438,-1.4870069026947021,-1.0467976331710815,1.2127659574468086,29,,,,,
0.0,4.4958431422159606e-10,0.0002727272727272727,-7.440744400024414,-58.369266510009766,1.0,50.92851638793945,-271.77789306640625,-928.7265014648438,-1.480582356452942,-1.0738462209701538,1.2553191489361701,30,,,,,
0.0,9.16583164922713e-09,0.0002713636363636363,-7.125034809112549,-58.833595275878906,1.0,51.70855712890625,-267.1944885253906,-923.36328125,-1.549456000328064,-1.0072113275527954,1.297872340425532,31,,,,,
0.0,2.4128802254830273e-12,0.00027,-7.509232997894287,-57.976646423339844,1.0,50.467411041259766,-268.017822265625,-920.4089965820312,-1.4945895671844482,-1.0867464542388916,1.3404255319148937,32,,,,,
0.0,9.833181024987425e-08,0.00026863636363636364,-8.164289474487305,-60.24879837036133,1.0,52.084510803222656,-284.16021728515625,-944.0809326171875,-1.43954598903656,-1.1190803050994873,1.3829787234042552,33,,,,,
0.0,1.8658527500825528e-10,0.0002672727272727272,-7.266509532928467,-58.49494934082031,1.0,51.22844314575195,-267.1272277832031,-922.8282470703125,-1.504916787147522,-1.1343302726745605,1.425531914893617,34,,,,,
0.0,3.1134264003723766e-12,0.0002659090909090909,-8.301345825195312,-59.268310546875,1.0,50.96696472167969,-285.0977478027344,-934.6253051757812,-1.5480328798294067,-1.110805869102478,1.4680851063829787,35,,,,,
0.0,2.2865087601076084e-07,0.00026454545454545453,-7.692368507385254,-59.3264274597168,1.0,51.63405990600586,-270.5937194824219,-928.4798583984375,-1.6021901369094849,-1.1608113050460815,1.5106382978723403,36,,,,,
0.0,4.823514814233931e-07,0.00026318181818181817,-8.0486421585083,-58.95857238769531,1.0,50.90992736816406,-276.877197265625,-929.426513671875,-1.565922498703003,-1.1905226707458496,1.5531914893617023,37,,,,,
0.0,7.638067262005777e-11,0.0002618181818181818,-7.451413154602051,-59.663490295410156,1.0,52.21207046508789,-263.78118896484375,-929.5979614257812,-1.6107343435287476,-1.236600399017334,1.5957446808510638,38,,,,,
0.0,2.5982647144928706e-08,0.00026045454545454543,-7.587419509887695,-58.440738677978516,1.0,50.85332107543945,-264.53704833984375,-917.1314086914062,-1.5528631210327148,-1.1578333377838135,1.6382978723404256,39,,,,,
0.0,1.1030079627438738e-11,0.00025909090909090907,-8.723353385925293,-60.06881332397461,1.0,51.345458984375,-284.0038757324219,-940.3443603515625,-1.655462384223938,-1.1958123445510864,1.6808510638297873,40,,,,,
0.0,3.63212304677063e-09,0.0002577272727272727,-7.97928524017334,-61.08673095703125,1.0,53.107452392578125,-272.87945556640625,-949.48681640625,-1.663298487663269,-1.2502949237823486,1.7234042553191489,41,,,,,
0.0,1.5183360346782138e-06,0.00025636363636363633,-8.035579681396484,-60.740196228027344,1.0,52.704620361328125,-272.4986572265625,-949.4891357421875,-1.6141490936279297,-1.2332262992858887,1.7659574468085106,42,,,,,
0.0,2.1423559107280887e-11,0.00025499999999999996,-8.70695686340332,-60.96091842651367,1.0,52.25395202636719,-279.95501708984375,-949.1568603515625,-1.5686026811599731,-1.1852024793624878,1.8085106382978724,43,,,,,
0.0,1.4847776697024528e-07,0.0002536363636363636,-8.157758712768555,-61.19898986816406,1.0,53.041229248046875,-278.6968688964844,-954.7007446289062,-1.6122866868972778,-1.23257315158844,1.851063829787234,44,,,,,
0.0,2.8926971495230047e-12,0.0002522727272727273,-7.917947769165039,-60.308135986328125,1.0,52.39019012451172,-271.23455810546875,-938.0057983398438,-1.7098554372787476,-1.206770896911621,1.8936170212765957,45,,,,,
0.0,1.970340557377881e-11,0.00025090909090909086,-8.31574535369873,-60.8474006652832,1.0,52.531654357910156,-277.3280029296875,-946.302734375,-1.619337558746338,-1.188081979751587,1.9361702127659575,46,,,,,
0.0,2.6176691023116483e-11,0.0002495454545454545,-8.275354385375977,-60.685028076171875,1.0,52.4096794128418,-279.09326171875,-947.538818359375,-1.5992488861083984,-1.1726160049438477,1.978723404255319,47,,,,,
0.0,1.842423713593888e-10,0.0002481818181818182,-7.812816143035889,-61.73082733154297,1.0,53.918006896972656,-264.46368408203125,-955.0989990234375,-1.693150520324707,-1.2746015787124634,2.0,48,,,,,
0.0,6.501161414762535e-11,0.0002468181818181818,-7.890148162841797,-60.81214141845703,1.0,52.921993255615234,-269.1228332519531,-947.9470825195312,-1.6865860223770142,-1.2040396928787231,2.0425531914893615,49,,,,,
0.0,2.3478131438992023e-08,0.00024545454545454545,-7.965795040130615,-60.88050079345703,1.0,52.914703369140625,-265.0740051269531,-942.0193481445312,-1.722218632698059,-1.297239899635315,2.0851063829787235,50,,,,,
0.0,5.486853638103639e-09,0.00024409090909090905,-8.779279708862305,-62.09032440185547,1.0,53.311038970947266,-286.77508544921875,-963.8706665039062,-1.6794689893722534,-1.1477434635162354,2.127659574468085,51,,,,,
0.0,2.504008875803265e-07,0.0002427272727272727,-8.39027214050293,-60.86122131347656,1.0,52.470943450927734,-277.602783203125,-949.3043212890625,-1.6241899728775024,-1.2166948318481445,2.1702127659574466,52,,,,,
0.0,2.8925084549769053e-10,0.00024136363636363635,-8.64211654663086,-61.53123474121094,1.0,52.88911437988281,-278.6357727050781,-953.3892822265625,-1.7103958129882812,-1.2944762706756592,2.2127659574468086,53,,,,,
0.0,1.0330563071647703e-07,0.00023999999999999998,-8.442933082580566,-60.48188400268555,1.0,52.0389518737793,-277.12310791015625,-937.1707153320312,-1.6406444311141968,-1.2623569965362549,2.25531914893617,54,,,,,
0.0,9.969310710289392e-09,0.0002386363636363636,-8.749532699584961,-60.97025680541992,1.0,52.220726013183594,-282.7969055175781,-950.9462280273438,-1.6302268505096436,-1.2813973426818848,2.297872340425532,55,,,,,
0.0,1.1222660301068998e-10,0.00023727272727272724,-8.933551788330078,-62.26896667480469,1.0,53.335418701171875,-283.40985107421875,-962.9521484375,-1.6636241674423218,-1.2627661228179932,2.3404255319148937,56,,,,,
0.0,3.007349036465712e-09,0.0002359090909090909,-7.865662097930908,-60.704986572265625,1.0,52.83932876586914,-269.9184875488281,-942.5931396484375,-1.6271144151687622,-1.2105296850204468,2.382978723404255,57,,,,,
0.0,2.8435694687800606e-08,0.00023454545454545454,-8.998587608337402,-61.76165771484375,1.0,52.76306915283203,-287.0154724121094,-959.6793212890625,-1.6945254802703857,-1.274458408355713,2.425531914893617,58,,,,,
0.0,5.740956043887024e-10,0.00023318181818181814,-8.314691543579102,-61.768310546875,1.0,53.45362091064453,-278.83453369140625,-960.6991577148438,-1.6226056814193726,-1.2122288942337036,2.4680851063829787,59,,,,,
0.0,1.4175298435059602e-10,0.0002318181818181818,-8.606789588928223,-60.66077423095703,1.0,52.053985595703125,-280.5322265625,-943.3543701171875,-1.6775002479553223,-1.3123713731765747,2.5106382978723403,60,,,,,
0.0,3.477303948257182e-12,0.00023045454545454544,-8.326700210571289,-60.75811004638672,1.0,52.4314079284668,-276.18243408203125,-939.756591796875,-1.6524598598480225,-1.2968316078186035,2.5531914893617023,61,,,,,
0.0,1.3701410352950916e-06,0.00022909090909090907,-9.189751625061035,-61.37041473388672,1.0,52.180660247802734,-290.89642333984375,-951.7171630859375,-1.594907283782959,-1.2286075353622437,2.595744680851064,62,,,,,
0.0,8.586248899378202e-12,0.0002277272727272727,-8.129327774047852,-62.543209075927734,1.0,54.413875579833984,-277.1031494140625,-974.1972045898438,-1.5893231630325317,-1.267141580581665,2.6382978723404253,63,,,,,
0.0,1.743052577274362e-11,0.00022636363636363633,-8.362529754638672,-61.596466064453125,1.0,53.23394012451172,-279.74542236328125,-962.1328125,-1.6166961193084717,-1.2561137676239014,2.6808510638297873,64,,,,,
0.0,1.551316017867066e-07,0.000225,-8.590662956237793,-61.130550384521484,1.0,52.53989028930664,-281.2530212402344,-950.160400390625,-1.6153451204299927,-1.308007001876831,2.723404255319149,65,,,,,
0.0,2.57079722093545e-11,0.00022363636363636363,-8.273836135864258,-61.73049545288086,1.0,53.45665740966797,-277.4145202636719,-960.8152465820312,-1.6186683177947998,-1.2569332122802734,2.7659574468085104,66,,,,,
0.0,1.0713603160183993e-07,0.00022227272727272726,-8.955734252929688,-60.837806701660156,1.0,51.88207244873047,-288.0064392089844,-943.5433349609375,-1.5958266258239746,-1.2658545970916748,2.8085106382978724,67,,,,,
0.0,2.292366713119165e-10,0.0002209090909090909,-8.822114944458008,-61.88640213012695,1.0,53.06428527832031,-280.72406005859375,-953.7412109375,-1.758772850036621,-1.2789626121520996,2.851063829787234,68,,,,,
0.0,1.2192467868654688e-10,0.00021954545454545452,-9.134013175964355,-61.189762115478516,1.0,52.055747985839844,-285.684326171875,-948.2066040039062,-1.6795254945755005,-1.2371779680252075,2.8936170212765955,69,,,,,
0.0,7.363026299778141e-10,0.00021818181818181816,-8.596330642700195,-59.47838592529297,1.0,50.88205337524414,-277.32733154296875,-925.0866088867188,-1.8053008317947388,-1.2650054693222046,2.9361702127659575,70,,,,,
0.0,6.291255710832999e-11,0.00021681818181818182,-9.189167022705078,-62.766502380371094,1.0,53.57733917236328,-286.5283203125,-969.7529907226562,-1.6529133319854736,-1.3502322435379028,2.978723404255319,71,,,,,
0.0,1.9568313983087116e-12,0.00021545454545454542,-7.936558723449707,-60.44758605957031,1.0,52.511024475097656,-264.3294372558594,-934.35107421875,-1.8021693229675293,-1.345251441001892,3.0,72,,,,,
0.0,8.563990488985596e-11,0.00021409090909090906,-8.26335620880127,-61.85578918457031,1.0,53.59243392944336,-274.779541015625,-958.35986328125,-1.6575310230255127,-1.292626142501831,3.0425531914893615,73,,,,,
0.0,1.0446259135488134e-10,0.00021272727272727272,-8.366539001464844,-61.51850509643555,1.0,53.15196990966797,-274.7542419433594,-956.6864624023438,-1.675689697265625,-1.3107357025146484,3.0851063829787235,74,,,,,
0.0,8.65570441987984e-08,0.00021136363636363635,-8.826984405517578,-60.91162109375,1.0,52.08464050292969,-283.6697998046875,-948.9061889648438,-1.6524654626846313,-1.2695966958999634,3.127659574468085,75,,,,,
0.0,1.0570152392253007e-10,0.00020999999999999998,-8.854348182678223,-61.91261291503906,1.0,53.058258056640625,-286.2097473144531,-957.0681762695312,-1.7206306457519531,-1.3110769987106323,3.1702127659574466,76,,,,,
0.0,4.534633953057199e-12,0.00020863636363636361,-8.462867736816406,-61.963279724121094,1.0,53.50041198730469,-274.54888916015625,-958.539794921875,-1.584524393081665,-1.2011330127716064,3.2127659574468086,77,,,,,
0.0,1.1536959165781013e-09,0.00020727272727272725,-9.174173355102539,-61.63783645629883,1.0,52.46366500854492,-287.76611328125,-950.3387451171875,-1.7256746292114258,-1.2735885381698608,3.25531914893617,78,,,,,
0.0,1.0163580047017895e-12,0.0002059090909090909,-8.67325210571289,-62.66231918334961,1.0,53.98906707763672,-279.6522521972656,-970.1582641601562,-1.680390477180481,-1.2779632806777954,3.297872340425532,79,,,,,
0.0,2.8030907373022274e-08,0.0002045454545454545,-8.00571346282959,-59.97984313964844,1.0,51.97412872314453,-272.16571044921875,-929.8179931640625,-1.7173799276351929,-1.2389047145843506,3.3404255319148937,80,,,,,
0.0,6.523306894656855e-10,0.00020318181818181815,-8.361260414123535,-61.135894775390625,1.0,52.774627685546875,-276.080810546875,-950.459716796875,-1.6310069561004639,-1.2376350164413452,3.382978723404255,81,,,,,
0.0,6.557793804512491e-12,0.0002018181818181818,-9.288917541503906,-62.10139083862305,1.0,52.81247329711914,-291.856201171875,-961.5973510742188,-1.6731815338134766,-1.274289608001709,3.425531914893617,82,,,,,
0.0,1.420342812252784e-07,0.00020045454545454544,-9.115123748779297,-61.828975677490234,1.0,52.71384048461914,-285.23284912109375,-956.3935546875,-1.6670562028884888,-1.261786699295044,3.4680851063829787,83,,,,,
0.0,1.4935419220818424e-11,0.0001990909090909091,-8.224336624145508,-61.3543586730957,1.0,53.13002014160156,-273.53656005859375,-952.941162109375,-1.707170844078064,-1.3026319742202759,3.5106382978723403,84,,,,,
0.0,2.1223013624283027e-10,0.0001977272727272727,-8.317091941833496,-61.24243927001953,1.0,52.925350189208984,-278.6435546875,-951.2266235351562,-1.6261910200119019,-1.2922109365463257,3.5531914893617023,85,,,,,
0.0,5.65490632098431e-09,0.00019636363636363634,-8.839381217956543,-60.95492172241211,1.0,52.115535736083984,-279.48895263671875,-950.1483154296875,-1.73194420337677,-1.2637577056884766,3.595744680851064,86,,,,,
0.0,1.1061516147492512e-08,0.000195,-8.337718963623047,-61.34134292602539,1.0,53.003623962402344,-274.2440185546875,-950.594970703125,-1.65985107421875,-1.2669346332550049,3.6382978723404253,87,,,,,
0.0,6.746949110514322e-10,0.00019363636363636363,-9.020933151245117,-61.72014617919922,1.0,52.69921112060547,-289.5777893066406,-962.67919921875,-1.6352121829986572,-1.2677621841430664,3.6808510638297873,88,,,,,
0.0,4.810405584976252e-07,0.00019227272727272723,-8.049199104309082,-59.379581451416016,1.0,51.330379486083984,-271.6905517578125,-923.8405151367188,-1.6226074695587158,-1.3102550506591797,3.723404255319149,89,,,,,
0.0,1.2665892654695199e-06,0.0001909090909090909,-8.172295570373535,-60.851341247558594,1.0,52.679054260253906,-272.8391418457031,-946.1456298828125,-1.692380428314209,-1.3180716037750244,3.7659574468085104,90,,,,,
0.0,5.023456650654623e-10,0.00018954545454545453,-9.584142684936523,-61.83158874511719,1.0,52.24744415283203,-297.4979248046875,-959.0203247070312,-1.6520692110061646,-1.2271212339401245,3.8085106382978724,91,,,,,
0.0,6.004264863079811e-10,0.0001881818181818182,-8.866650581359863,-61.95082092285156,1.0,53.084171295166016,-282.40875244140625,-957.4342651367188,-1.746269702911377,-1.4115880727767944,3.851063829787234,92,,,,,
0.0,1.1849488146253861e-07,0.0001868181818181818,-8.125866889953613,-60.175743103027344,1.0,52.04987716674805,-270.19683837890625,-934.59375,-1.6283069849014282,-1.1482046842575073,3.8936170212765955,93,,,,,
0.0,2.9644510846082994e-08,0.00018545454545454543,-8.248830795288086,-61.82072448730469,1.0,53.57189178466797,-277.8974914550781,-957.2859497070312,-1.6487621068954468,-1.2169504165649414,3.9361702127659575,94,,,,,
0.0,6.8720598100924235e-09,0.00018409090909090909,-9.656646728515625,-63.178443908691406,1.0,53.52179718017578,-297.58184814453125,-977.7230224609375,-1.7058321237564087,-1.2764191627502441,3.978723404255319,95,,,,,
0.0,2.0817593482380659e-10,0.00018272727272727272,-8.459712028503418,-61.387794494628906,1.0,52.92808151245117,-272.6858825683594,-952.053955078125,-1.7247799634933472,-1.3053923845291138,4.0,96,,,,,
0.0,7.079875796733859e-09,0.00018136363636363632,-8.11106014251709,-61.09208679199219,1.0,52.98102951049805,-270.1951904296875,-947.619384765625,-1.6566174030303955,-1.2957053184509277,4.042553191489362,97,,,,,
0.0,5.064821895217619e-10,0.00017999999999999998,-8.430694580078125,-62.09038543701172,1.0,53.659690856933594,-273.31182861328125,-959.80615234375,-1.7026008367538452,-1.3261537551879883,4.085106382978723,98,,,,,
0.0,1.9043044474642556e-08,0.00017863636363636362,-8.306047439575195,-61.612510681152344,1.0,53.306461334228516,-278.12017822265625,-956.6865234375,-1.6053413152694702,-1.2002002000808716,4.127659574468085,99,,,,,
0.0,1.628110190068921e-12,0.00017727272727272728,-8.304027557373047,-60.84272384643555,1.0,52.5386962890625,-273.7847595214844,-942.2590942382812,-1.709627389907837,-1.250665307044983,4.170212765957447,100,,,,,
0.0,2.6588545601335944e-11,0.00017590909090909088,-8.74177074432373,-61.24806594848633,1.0,52.50629425048828,-284.4854431152344,-948.7433471679688,-1.5727741718292236,-1.282392978668213,4.212765957446808,101,,,,,
0.0,2.717764857607108e-07,0.00017454545454545452,-9.148621559143066,-62.252315521240234,1.0,53.10369110107422,-288.2250061035156,-962.626953125,-1.664078950881958,-1.2288166284561157,4.25531914893617,102,,,,,
0.0,4.760356692168344e-11,0.00017318181818181818,-7.996651649475098,-59.450889587402344,1.0,51.45423889160156,-268.9843444824219,-924.5502319335938,-1.6798919439315796,-1.2982501983642578,4.297872340425532,103,,,,,
0.0,1.0960332730292066e-07,0.0001718181818181818,-8.933503150939941,-62.03302764892578,1.0,53.09952926635742,-283.1005859375,-965.6575927734375,-1.715463399887085,-1.2713550329208374,4.340425531914893,104,,,,,
0.0,1.2292281637016345e-09,0.00017045454545454547,-9.449435234069824,-62.241119384765625,1.0,52.791683197021484,-296.63165283203125,-966.494140625,-1.6844340562820435,-1.3441057205200195,4.382978723404255,105,,,,,
0.0,1.4305311424323008e-07,0.00016909090909090907,-9.073808670043945,-60.30497741699219,1.0,51.231170654296875,-287.0296936035156,-936.5687255859375,-1.6547882556915283,-1.2604900598526,4.425531914893617,106,,,,,
0.0,2.0595194438755016e-09,0.0001677272727272727,-8.377449989318848,-62.46236038208008,1.0,54.08491516113281,-276.40557861328125,-964.650146484375,-1.6888638734817505,-1.360979676246643,4.468085106382979,107,,,,,
0.0,1.8469810750265658e-11,0.00016636363636363637,-8.7567777633667,-60.85222625732422,1.0,52.09544372558594,-281.38397216796875,-945.1512451171875,-1.6718710660934448,-1.2584553956985474,4.51063829787234,108,,,,,
0.0,1.0665427652156723e-08,0.000165,-8.906993865966797,-62.315765380859375,1.0,53.408775329589844,-286.659423828125,-966.9927368164062,-1.6378709077835083,-1.2184139490127563,4.553191489361702,109,,,,,
0.0,3.4969473983181842e-09,0.0001636363636363636,-8.820178985595703,-62.08484649658203,1.0,53.26466369628906,-279.7768249511719,-957.5875854492188,-1.704825520515442,-1.2515290975570679,4.595744680851064,110,,,,,
0.0,5.153579341055092e-09,0.00016227272727272726,-8.664525985717773,-62.38925552368164,1.0,53.724727630615234,-281.88134765625,-961.7343139648438,-1.6761425733566284,-1.2154464721679688,4.638297872340425,111,,,,,
0.0,7.297604361078402e-12,0.0001609090909090909,-8.677566528320312,-61.946533203125,1.0,53.26897048950195,-285.17889404296875,-967.2948608398438,-1.7527698278427124,-1.3090218305587769,4.680851063829787,112,,,,,
0.0,2.438768831325433e-07,0.00015954545454545453,-8.640603065490723,-62.11292266845703,1.0,53.472320556640625,-280.5074462890625,-957.7734375,-1.660431146621704,-1.3275939226150513,4.723404255319149,113,,,,,
0.0,7.050581785073007e-10,0.00015818181818181816,-8.647177696228027,-60.921363830566406,1.0,52.2741813659668,-279.9955749511719,-948.5772705078125,-1.6415342092514038,-1.202993631362915,4.76595744680851,114,,,,,
0.0,1.561326179455591e-08,0.0001568181818181818,-8.757675170898438,-60.32697296142578,1.0,51.569297790527344,-283.861572265625,-944.5156860351562,-1.6169800758361816,-1.2962886095046997,4.808510638297872,115,,,,,
0.0,6.143197929520117e-12,0.00015545454545454546,-8.437135696411133,-60.17841339111328,1.0,51.741275787353516,-275.2279968261719,-936.8524169921875,-1.686070203781128,-1.2455968856811523,4.851063829787234,116,,,,,
0.0,8.112861077380629e-12,0.0001540909090909091,-8.531692504882812,-63.0436897277832,1.0,54.51199722290039,-278.10723876953125,-972.90380859375,-1.705728530883789,-1.300104022026062,4.8936170212765955,117,,,,,
0.0,1.1112170211768913e-10,0.0001527272727272727,-8.473962783813477,-60.78193283081055,1.0,52.30796813964844,-276.8716125488281,-944.3711547851562,-1.7367022037506104,-1.274641990661621,4.9361702127659575,118,,,,,
0.0,1.7390002540196292e-06,0.00015136363636363635,-8.2465181350708,-60.657936096191406,1.0,52.411415100097656,-274.9420471191406,-942.0191650390625,-1.6861274242401123,-1.274526834487915,4.9787234042553195,119,,,,,
0.0,1.913349763071892e-07,0.00015,-10.235547065734863,-62.360389709472656,1.0,52.12484359741211,-302.637939453125,-964.2644653320312,-1.6756435632705688,-1.301305890083313,5.0,120,,,,,
0.0,5.745807718504636e-10,0.00014863636363636362,-8.894536018371582,-62.092227935791016,1.0,53.19768524169922,-284.88958740234375,-961.1642456054688,-1.5901424884796143,-1.3392900228500366,5.042553191489362,121,,,,,
0.0,1.5095695005129528e-07,0.00014727272727272725,-9.32138442993164,-62.2127685546875,1.0,52.891387939453125,-288.0364685058594,-968.92626953125,-1.6649515628814697,-1.2357943058013916,5.085106382978723,122,,,,,
0.0,5.593959739869092e-10,0.0001459090909090909,-8.608062744140625,-60.192466735839844,1.0,51.58440017700195,-279.55694580078125,-936.8338623046875,-1.6718207597732544,-1.3177305459976196,5.127659574468085,123,,,,,
0.0,3.063674114400783e-08,0.00014454545454545452,-8.589667320251465,-62.41391372680664,1.0,53.82425308227539,-278.08941650390625,-966.0985107421875,-1.700174331665039,-1.2733635902404785,5.170212765957447,124,,,,,
0.0,1.0730309440987185e-07,0.00014318181818181818,-9.331422805786133,-61.605804443359375,1.0,52.274375915527344,-294.0094299316406,-955.8001098632812,-1.668030858039856,-1.2710484266281128,5.212765957446808,125,,,,,
0.0,3.727884754362032e-12,0.0001418181818181818,-8.597333908081055,-62.72410583496094,1.0,54.126773834228516,-275.7430725097656,-968.660400390625,-1.7317131757736206,-1.3010711669921875,5.25531914893617,126,,,,,
0.0,6.197221069648151e-10,0.00014045454545454544,-8.919511795043945,-61.855533599853516,1.0,52.9360237121582,-289.005859375,-961.6583862304688,-1.6398192644119263,-1.2149606943130493,5.297872340425532,127,,,,,
0.0,1.3497162276721042e-09,0.00013909090909090908,-8.411962509155273,-61.49029541015625,1.0,53.078330993652344,-275.474365234375,-954.1229858398438,-1.5719079971313477,-1.2331724166870117,5.340425531914893,128,,,,,
0.0,1.4958592586822306e-08,0.0001377272727272727,-8.685160636901855,-61.65556716918945,1.0,52.97041320800781,-281.0669250488281,-955.66943359375,-1.6476892232894897,-1.176149606704712,5.382978723404255,129,,,,,
0.0,4.72947403462598e-10,0.00013636363636363634,-8.43301773071289,-61.317081451416016,1.0,52.88405990600586,-276.9774475097656,-954.5610961914062,-1.6624640226364136,-1.2949824333190918,5.425531914893617,130,,,,,
0.0,3.0378114956874924e-07,0.000135,-8.577361106872559,-62.44849395751953,1.0,53.871131896972656,-275.2488098144531,-963.73876953125,-1.7705262899398804,-1.2309391498565674,5.468085106382979,131,,,,,
0.0,1.5982465129127377e-06,0.0001336363636363636,-8.353936195373535,-61.03217315673828,1.0,52.67823028564453,-281.7202453613281,-944.48291015625,-1.6863303184509277,-1.3381967544555664,5.51063829787234,132,,,,,
0.0,2.3603323029419698e-07,0.00013227272727272727,-8.48892879486084,-60.9476432800293,1.0,52.458709716796875,-275.7799987792969,-944.9940795898438,-1.6394692659378052,-1.2528232336044312,5.553191489361702,133,,,,,
0.0,8.708207072105623e-11,0.0001309090909090909,-8.58057975769043,-60.59197998046875,1.0,52.01140213012695,-282.25531005859375,-943.710693359375,-1.712435007095337,-1.310734748840332,5.595744680851064,134,,,,,
0.0,2.4950047583516266e-10,0.00012954545454545453,-8.60732650756836,-59.987548828125,1.0,51.38022232055664,-282.3210144042969,-935.3532104492188,-1.6266406774520874,-1.2728763818740845,5.638297872340425,135,,,,,
0.0,2.327276739377826e-11,0.00012818181818181817,-8.690034866333008,-61.17472457885742,1.0,52.48469161987305,-279.14398193359375,-949.0173950195312,-1.6322511434555054,-1.235018253326416,5.680851063829787,136,,,,,
0.0,1.637200930382221e-10,0.0001268181818181818,-8.830986976623535,-62.020790100097656,1.0,53.18980407714844,-280.31402587890625,-956.2945556640625,-1.6877875328063965,-1.3048546314239502,5.723404255319149,137,,,,,
0.0,8.653170541217392e-11,0.00012545454545454543,-8.110658645629883,-61.257179260253906,1.0,53.146514892578125,-268.91650390625,-945.2797241210938,-1.6926690340042114,-1.2521238327026367,5.76595744680851,138,,,,,
0.0,2.553105079780571e-12,0.0001240909090909091,-8.149920463562012,-61.44821548461914,1.0,53.29829025268555,-273.30596923828125,-953.205810546875,-1.714189052581787,-1.3316420316696167,5.808510638297872,139,,,,,
0.0,2.790302433552938e-10,0.00012272727272727272,-7.81650447845459,-60.640872955322266,1.0,52.82436752319336,-268.3758544921875,-944.405029296875,-1.7206203937530518,-1.3062717914581299,5.851063829787234,140,,,,,
0.0,4.949557652622616e-09,0.00012136363636363636,-9.75241470336914,-62.10622787475586,1.0,52.35382080078125,-300.499267578125,-960.5027465820312,-1.628414273262024,-1.239875316619873,5.8936170212765955,141,,,,,
0.0,6.411052133614703e-09,0.00011999999999999999,-8.434510231018066,-60.67079162597656,1.0,52.23627471923828,-277.1316833496094,-943.2625732421875,-1.6927878856658936,-1.3547722101211548,5.9361702127659575,142,,,,,
0.0,1.1010532929844885e-08,0.00011863636363636362,-8.791101455688477,-62.513221740722656,1.0,53.72212219238281,-283.432373046875,-969.8883666992188,-1.6558047533035278,-1.1949999332427979,5.9787234042553195,143,,,,,
0.0,3.1467714545208025e-10,0.00011727272727272727,-8.41537094116211,-59.925228118896484,1.0,51.509857177734375,-279.46551513671875,-926.54443359375,-1.8608064651489258,-1.3185675144195557,6.0,144,,,,,
0.0,7.640134747077809e-09,0.0001159090909090909,-8.208388328552246,-60.7635498046875,1.0,52.55516815185547,-271.76019287109375,-942.2144165039062,-1.679884672164917,-1.2747877836227417,6.042553191489362,145,,,,,
0.0,1.4956175391489523e-06,0.00011454545454545453,-8.866004943847656,-62.11014938354492,1.0,53.244140625,-282.8089904785156,-965.4332275390625,-1.6231284141540527,-1.2523303031921387,6.085106382978723,146,,,,,
0.0,5.555177984284398e-10,0.00011318181818181817,-8.51497745513916,-62.2135009765625,1.0,53.698524475097656,-277.3235778808594,-958.0519409179688,-1.5971744060516357,-1.2471977472305298,6.127659574468085,147,,,,,
0.0,1.0254336962889354e-10,0.00011181818181818181,-8.292062759399414,-62.022315979003906,1.0,53.73025131225586,-274.53399658203125,-959.6112670898438,-1.6368883848190308,-1.320868730545044,6.170212765957447,148,,,,,
0.0,2.8225338732923433e-11,0.00011045454545454545,-8.237977027893066,-60.1152458190918,1.0,51.87727355957031,-274.514404296875,-937.9545288085938,-1.710898756980896,-1.2744783163070679,6.212765957446808,149,,,,,
0.0,6.041088462804822e-11,0.00010909090909090908,-9.028923988342285,-61.06022644042969,1.0,52.03130340576172,-290.5590515136719,-952.5661010742188,-1.6899402141571045,-1.3111191987991333,6.25531914893617,150,,,,,
0.0,1.318304612141219e-07,0.00010772727272727271,-8.907958984375,-60.75493240356445,1.0,51.84697341918945,-287.23699951171875,-945.3652954101562,-1.6855579614639282,-1.3154069185256958,6.297872340425532,151,,,,,
0.0,8.149738661700212e-09,0.00010636363636363636,-8.685105323791504,-61.554359436035156,1.0,52.86924743652344,-280.84112548828125,-953.1397094726562,-1.7021174430847168,-1.2989623546600342,6.340425531914893,152,,,,,
0.0,6.354239356909375e-10,0.00010499999999999999,-8.503491401672363,-61.09825134277344,1.0,52.594757080078125,-279.44061279296875,-945.6835327148438,-1.643589973449707,-1.2678658962249756,6.382978723404255,153,,,,,
0.0,1.1703514546379523e-10,0.00010363636363636362,-8.762928009033203,-62.15202713012695,1.0,53.38909912109375,-278.11322021484375,-960.493408203125,-1.7129018306732178,-1.235141396522522,6.425531914893617,154,,,,,
0.0,1.7377678462882074e-10,0.00010227272727272726,-8.06419563293457,-61.060890197753906,1.0,52.99669647216797,-270.9419250488281,-951.015625,-1.6761689186096191,-1.226778507232666,6.468085106382979,155,,,,,
0.0,7.890993414250147e-11,0.0001009090909090909,-8.361258506774902,-62.460166931152344,1.0,54.09891128540039,-277.48687744140625,-971.3408203125,-1.6036064624786377,-1.2730035781860352,6.51063829787234,156,,,,,
0.0,1.195608323456554e-08,9.954545454545455e-05,-9.593815803527832,-62.087852478027344,1.0,52.49403381347656,-296.731201171875,-956.4719848632812,-1.7310484647750854,-1.2520232200622559,6.553191489361702,157,,,,,
0.0,1.814100514252459e-08,9.818181818181817e-05,-8.487244606018066,-61.58308029174805,1.0,53.09583282470703,-278.1709899902344,-954.5073852539062,-1.6807162761688232,-1.2623000144958496,6.595744680851064,158,,,,,
0.0,2.558909883987326e-08,9.681818181818181e-05,-8.263137817382812,-61.81705856323242,1.0,53.553924560546875,-273.4005126953125,-956.006103515625,-1.7497038841247559,-1.266998291015625,6.638297872340425,159,,,,,
0.0,1.630582058265162e-10,9.545454545454545e-05,-8.537975311279297,-61.67537307739258,1.0,53.13739776611328,-278.19024658203125,-957.1302490234375,-1.7556533813476562,-1.2539900541305542,6.680851063829787,160,,,,,
0.0,5.906108935249677e-10,9.40909090909091e-05,-8.791754722595215,-61.19298553466797,1.0,52.40122985839844,-282.3960266113281,-946.8045654296875,-1.6313517093658447,-1.190065622329712,6.723404255319149,161,,,,,
0.0,9.492394070775845e-08,9.272727272727271e-05,-8.984001159667969,-61.10165786743164,1.0,52.11765670776367,-288.2497863769531,-949.3131103515625,-1.6696193218231201,-1.2574697732925415,6.76595744680851,162,,,,,
0.0,2.5828899019586515e-09,9.136363636363636e-05,-9.146361351013184,-61.72178268432617,1.0,52.57542037963867,-289.1719055175781,-960.0338134765625,-1.6542787551879883,-1.3256382942199707,6.808510638297872,163,,,,,
0.0,2.1728858712322108e-07,8.999999999999999e-05,-8.457151412963867,-62.01404571533203,1.0,53.55689239501953,-275.407958984375,-956.2301635742188,-1.671593189239502,-1.2819364070892334,6.851063829787234,164,,,,,
0.0,1.1436134883524574e-07,8.863636363636364e-05,-8.185175895690918,-60.61302947998047,1.0,52.42784881591797,-273.0627746582031,-942.2720336914062,-1.6498349905014038,-1.324704647064209,6.8936170212765955,165,,,,,
0.0,2.5763017674762523e-07,8.727272727272726e-05,-9.659439086914062,-61.94910430908203,1.0,52.28966522216797,-294.7915344238281,-961.958984375,-1.6938470602035522,-1.284073829650879,6.9361702127659575,166,,,,,
0.0,2.863530523811164e-10,8.59090909090909e-05,-8.532068252563477,-60.91992950439453,1.0,52.38786315917969,-281.2128601074219,-946.63720703125,-1.5604854822158813,-1.2873895168304443,6.9787234042553195,167,,,,,
0.0,5.682440737571348e-13,8.454545454545454e-05,-7.79060697555542,-60.1302604675293,1.0,52.33964920043945,-261.28826904296875,-937.703125,-1.6662309169769287,-1.3409680128097534,7.0,168,,,,,
0.0,4.6661767783007235e-09,8.318181818181818e-05,-8.691431045532227,-60.47510528564453,1.0,51.78367614746094,-283.5617370605469,-940.987548828125,-1.6524953842163086,-1.3260077238082886,7.042553191489362,169,,,,,
0.0,5.695589139209645e-11,8.18181818181818e-05,-8.524303436279297,-61.51375198364258,1.0,52.98944854736328,-279.42376708984375,-956.8010864257812,-1.6782268285751343,-1.2768428325653076,7.085106382978723,170,,,,,
0.0,1.658623516309632e-10,8.045454545454545e-05,-8.65213680267334,-62.176353454589844,1.0,53.52421569824219,-281.0242919921875,-962.8734130859375,-1.5951614379882812,-1.2508338689804077,7.127659574468085,171,,,,,
0.0,1.6497725709996303e-06,7.909090909090908e-05,-8.618692398071289,-60.99952697753906,1.0,52.380836486816406,-277.344482421875,-947.6453247070312,-1.6883764266967773,-1.236170768737793,7.170212765957447,172,,,,,
0.0,5.2238631198520125e-09,7.772727272727273e-05,-8.428799629211426,-62.857261657714844,1.0,54.42845916748047,-273.46142578125,-970.3633422851562,-1.7306654453277588,-1.3070746660232544,7.212765957446808,173,,,,,
0.0,3.817914387416188e-11,7.636363636363635e-05,-9.080902099609375,-61.71726989746094,1.0,52.63637161254883,-289.6919250488281,-958.2078857421875,-1.5787386894226074,-1.2422555685043335,7.25531914893617,174,,,,,
0.0,4.6307693790659243e-10,7.5e-05,-7.90523624420166,-62.44866943359375,1.0,54.54343795776367,-266.7291259765625,-961.7039794921875,-1.729293704032898,-1.1733384132385254,7.297872340425532,175,,,,,
0.0,6.14556183720083e-10,7.363636363636363e-05,-8.553518295288086,-60.59048080444336,1.0,52.036964416503906,-276.4991760253906,-942.720458984375,-1.659462571144104,-1.276940107345581,7.340425531914893,176,,,,,
0.0,1.743807587217816e-08,7.227272727272726e-05,-7.552778720855713,-59.43593215942383,1.0,51.88315200805664,-265.2652893066406,-926.6393432617188,-1.6756951808929443,-1.361494541168213,7.382978723404255,177,,,,,
0.0,1.6075615505428686e-08,7.09090909090909e-05,-9.054780960083008,-61.952293395996094,1.0,52.89751434326172,-289.8244323730469,-959.45458984375,-1.6385455131530762,-1.1602566242218018,7.425531914893617,178,,,,,
0.0,5.005772272387299e-12,6.954545454545454e-05,-8.169242858886719,-62.36971664428711,1.0,54.20047378540039,-271.782470703125,-966.1167602539062,-1.6458356380462646,-1.2412688732147217,7.468085106382979,179,,,,,
0.0,1.1383066017556231e-10,6.818181818181817e-05,-9.350210189819336,-62.006874084472656,1.0,52.65666198730469,-293.129638671875,-962.2863159179688,-1.5874048471450806,-1.2964504957199097,7.51063829787234,180,,,,,
0.0,1.4867141828744934e-07,6.68181818181818e-05,-8.344452857971191,-60.694908142089844,1.0,52.35044860839844,-273.6614990234375,-939.9343872070312,-1.7762632369995117,-1.3019707202911377,7.553191489361702,181,,,,,
0.0,1.453675082530026e-07,6.545454545454545e-05,-8.839127540588379,-60.791053771972656,1.0,51.951927185058594,-281.9542236328125,-944.1132202148438,-1.6320911645889282,-1.2971148490905762,7.595744680851064,182,,,,,
0.0,5.517371559626838e-10,6.409090909090908e-05,-8.990220069885254,-62.82862091064453,1.0,53.83840560913086,-288.349853515625,-974.1589965820312,-1.6187124252319336,-1.26774263381958,7.638297872340425,183,,,,,
0.0,7.083255759710028e-09,6.272727272727272e-05,-8.848125457763672,-59.60259246826172,1.0,50.75446701049805,-285.1419982910156,-931.3868408203125,-1.6367634534835815,-1.2385884523391724,7.680851063829787,184,,,,,
0.0,3.100012246903816e-09,6.136363636363636e-05,-9.241497993469238,-61.94100570678711,1.0,52.69950866699219,-291.46319580078125,-958.4149169921875,-1.7019860744476318,-1.3339405059814453,7.723404255319149,185,,,,,
0.0,4.445817880505132e-10,5.9999999999999995e-05,-8.792606353759766,-60.43354797363281,1.0,51.64094161987305,-281.66339111328125,-945.0806884765625,-1.6581616401672363,-1.2964859008789062,7.76595744680851,186,,,,,
0.0,2.3042965313635477e-09,5.8636363636363634e-05,-8.384384155273438,-60.56624984741211,1.0,52.18186569213867,-276.0792236328125,-941.7926635742188,-1.6565462350845337,-1.2362116575241089,7.808510638297872,187,,,,,
0.0,3.5196046077601295e-10,5.727272727272727e-05,-8.911002159118652,-61.60526657104492,1.0,52.69426727294922,-285.2502136230469,-953.7298583984375,-1.7228648662567139,-1.3219072818756104,7.851063829787234,188,,,,,
0.0,2.916983135037299e-07,5.590909090909091e-05,-8.914894104003906,-62.03862762451172,1.0,53.12373352050781,-283.8668212890625,-954.555908203125,-1.725780963897705,-1.3321621417999268,7.8936170212765955,189,,,,,
0.0,1.0960156338057914e-08,5.454545454545454e-05,-8.728973388671875,-61.90938186645508,1.0,53.18040466308594,-284.6816101074219,-960.6181640625,-1.7328945398330688,-1.2859911918640137,7.9361702127659575,190,,,,,
0.0,2.0666699640514707e-07,5.318181818181818e-05,-8.747539520263672,-62.490055084228516,1.0,53.74251937866211,-278.67010498046875,-963.4959716796875,-1.792685866355896,-1.298098087310791,7.9787234042553195,191,,,,,
0.0,7.695357480581866e-13,5.181818181818181e-05,-7.537145614624023,-61.88051223754883,1.0,54.34336471557617,-263.65411376953125,-957.3729858398438,-1.651036024093628,-1.2019734382629395,8.0,192,,,,,
0.0,9.650044652254053e-11,5.045454545454545e-05,-9.293562889099121,-59.79090118408203,1.0,50.497337341308594,-290.26654052734375,-927.4397583007812,-1.70616614818573,-1.3155431747436523,8.042553191489361,193,,,,,
0.0,2.213912164705789e-09,4.9090909090909084e-05,-9.289115905761719,-63.42301559448242,1.0,54.13390350341797,-288.0791931152344,-974.8909301757812,-1.7090297937393188,-1.3052947521209717,8.085106382978724,194,,,,,
0.0,1.0465976973961233e-09,4.7727272727272724e-05,-7.834484577178955,-59.41461181640625,1.0,51.58012390136719,-269.6429443359375,-930.5105590820312,-1.7083535194396973,-1.2914233207702637,8.127659574468085,195,,,,,
0.0,4.613207038595135e-10,4.6363636363636356e-05,-8.301201820373535,-61.215087890625,1.0,52.91389083862305,-273.85748291015625,-948.4961547851562,-1.6169941425323486,-1.2214736938476562,8.170212765957446,196,,,,,
0.0,9.67121280837091e-08,4.4999999999999996e-05,-8.190814018249512,-61.63597106933594,1.0,53.445159912109375,-271.24688720703125,-955.061767578125,-1.6397576332092285,-1.3062118291854858,8.212765957446809,197,,,,,
0.0,9.688518737283047e-11,4.363636363636363e-05,-8.444561958312988,-60.86743927001953,1.0,52.422882080078125,-281.16082763671875,-950.002685546875,-1.66783607006073,-1.2840917110443115,8.25531914893617,198,,,,,
0.0,2.2911302721695392e-07,4.227272727272727e-05,-8.413702011108398,-61.760902404785156,1.0,53.34719467163086,-277.65576171875,-958.9562377929688,-1.5926666259765625,-1.2376840114593506,8.297872340425531,199,,,,,
0.0,7.941662605315258e-11,4.09090909090909e-05,-8.561317443847656,-60.443214416503906,1.0,51.881900787353516,-282.53753662109375,-942.5235595703125,-1.56631600856781,-1.2412856817245483,8.340425531914894,200,,,,,
0.0,2.1493958002327673e-10,3.954545454545454e-05,-8.665285110473633,-62.769771575927734,1.0,54.104488372802734,-280.15252685546875,-969.4505615234375,-1.734153389930725,-1.3088302612304688,8.382978723404255,201,,,,,
0.0,1.5588289770107622e-08,3.8181818181818174e-05,-8.187474250793457,-61.55344772338867,1.0,53.36597442626953,-272.9691162109375,-957.921630859375,-1.714756727218628,-1.2556395530700684,8.425531914893616,202,,,,,
0.0,7.717561312237109e-11,3.681818181818181e-05,-9.049612998962402,-61.87614059448242,1.0,52.8265266418457,-283.7347412109375,-957.2305908203125,-1.6974925994873047,-1.277597188949585,8.46808510638298,203,,,,,
0.0,5.418508419730017e-10,3.545454545454545e-05,-9.126516342163086,-61.481746673583984,1.0,52.355224609375,-284.7113342285156,-949.9638671875,-1.655236840248108,-1.27759850025177,8.51063829787234,204,,,,,
0.0,1.2201142873813353e-11,3.4090909090909085e-05,-8.939762115478516,-62.017478942871094,1.0,53.07771682739258,-286.4934997558594,-959.294921875,-1.6248151063919067,-1.1795761585235596,8.553191489361701,205,,,,,
0.0,5.116054246911972e-09,3.2727272727272725e-05,-8.823851585388184,-61.507850646972656,1.0,52.683990478515625,-282.14312744140625,-952.3580322265625,-1.6122756004333496,-1.2874324321746826,8.595744680851064,206,,,,,
0.0,2.3204782539920643e-10,3.136363636363636e-05,-8.543993949890137,-61.451812744140625,1.0,52.90782165527344,-277.9701843261719,-954.0593872070312,-1.7722069025039673,-1.315285563468933,8.638297872340425,207,,,,,
0.0,3.004144133456066e-08,2.9999999999999997e-05,-8.4700345993042,-60.50339889526367,1.0,52.033363342285156,-277.04949951171875,-939.4515380859375,-1.6357663869857788,-1.2957167625427246,8.680851063829786,208,,,,,
0.0,1.51862263919611e-06,2.8636363636363634e-05,-8.776110649108887,-61.18452453613281,1.0,52.40842056274414,-282.2389221191406,-948.8380737304688,-1.6936885118484497,-1.3075608015060425,8.72340425531915,209,,,,,
0.0,2.8346298108772316e-07,2.727272727272727e-05,-8.306745529174805,-59.809024810791016,1.0,51.50227355957031,-278.1584167480469,-933.7339477539062,-1.580173373222351,-1.2551333904266357,8.76595744680851,210,,,,,
0.0,8.487203995155568e-12,2.5909090909090906e-05,-8.6002779006958,-62.547752380371094,1.0,53.94747543334961,-279.4340515136719,-963.8974609375,-1.7809911966323853,-1.322668433189392,8.808510638297872,211,,,,,
0.0,4.658202157337143e-10,2.4545454545454542e-05,-8.371074676513672,-61.61555099487305,1.0,53.244476318359375,-276.49017333984375,-953.5254516601562,-1.7072794437408447,-1.2920897006988525,8.851063829787234,212,,,,,
0.0,1.843408238555444e-12,2.3181818181818178e-05,-9.179889678955078,-63.0777473449707,1.0,53.897857666015625,-289.08270263671875,-976.0540161132812,-1.6720280647277832,-1.3234151601791382,8.893617021276595,213,,,,,
0.0,1.1902092467153125e-07,2.1818181818181814e-05,-8.664227485656738,-60.81694030761719,1.0,52.152713775634766,-282.61346435546875,-946.6588134765625,-1.6425693035125732,-1.2235584259033203,8.936170212765958,214,,,,,
0.0,1.5078006754265516e-07,2.045454545454545e-05,-8.616776466369629,-62.731109619140625,1.0,54.11433029174805,-282.02825927734375,-973.324951171875,-1.7152137756347656,-1.2346470355987549,8.97872340425532,215,,,,,
0.0,1.1375099473465156e-10,1.9090909090909087e-05,-8.707944869995117,-61.14887237548828,1.0,52.44092559814453,-280.38958740234375,-951.53759765625,-1.6750822067260742,-1.190314769744873,9.0,216,,,,,
0.0,4.195963455161378e-12,1.7727272727272726e-05,-8.221176147460938,-61.35338592529297,1.0,53.13220977783203,-276.2958984375,-954.6913452148438,-1.6798161268234253,-1.359205961227417,9.042553191489361,217,,,,,
0.0,2.986970670804112e-08,1.6363636363636363e-05,-8.864834785461426,-61.92905044555664,1.0,53.06421661376953,-282.2737731933594,-953.81103515625,-1.708246111869812,-1.2537683248519897,9.085106382978724,218,,,,,
0.0,5.990820617363113e-10,1.4999999999999999e-05,-9.067814826965332,-61.42169952392578,1.0,52.3538818359375,-287.70660400390625,-956.6387939453125,-1.6524791717529297,-1.2813681364059448,9.127659574468085,219,,,,,
0.0,2.4715470203773293e-07,1.3636363636363635e-05,-8.49530029296875,-60.91748809814453,1.0,52.42219543457031,-277.9443359375,-944.3621826171875,-1.7071107625961304,-1.2885808944702148,9.170212765957446,220,,,,,
0.0,2.965016565603662e-10,1.2272727272727271e-05,-8.331365585327148,-60.38018035888672,1.0,52.0488166809082,-272.88677978515625,-935.0820922851562,-1.6801050901412964,-1.2744721174240112,9.212765957446809,221,,,,,
0.0,9.326573291446039e-08,1.0909090909090907e-05,-9.045965194702148,-61.99998474121094,1.0,52.95402145385742,-285.4314270019531,-959.8331298828125,-1.693353295326233,-1.3386849164962769,9.25531914893617,222,,,,,
0.0,4.5230591494416217e-10,9.545454545454543e-06,-9.090885162353516,-61.74811935424805,1.0,52.657230377197266,-288.9132080078125,-955.1064453125,-1.6374088525772095,-1.2793622016906738,9.297872340425531,223,,,,,
0.0,4.594902583421323e-11,8.181818181818181e-06,-8.174615859985352,-62.76395797729492,1.0,54.58933639526367,-274.1468200683594,-969.7925415039062,-1.6557269096374512,-1.216505527496338,9.340425531914894,224,,,,,
0.0,4.43421237228403e-11,6.8181818181818174e-06,-7.99431037902832,-61.53293991088867,1.0,53.53862762451172,-272.5890197753906,-956.787841796875,-1.6344295740127563,-1.2136428356170654,9.382978723404255,225,,,,,
0.0,5.194082941528677e-09,5.454545454545454e-06,-8.712327003479004,-61.86371612548828,1.0,53.151390075683594,-279.2441711425781,-958.0338134765625,-1.717150092124939,-1.2671524286270142,9.425531914893616,226,,,,,
0.0,1.981530564632017e-11,4.090909090909091e-06,-9.35682487487793,-61.81604766845703,1.0,52.45922088623047,-289.41436767578125,-956.650634765625,-1.7087937593460083,-1.3882521390914917,9.46808510638298,227,,,,,
0.0,9.123236194286122e-11,2.727272727272727e-06,-8.930957794189453,-62.149864196777344,1.0,53.21890640258789,-290.8427734375,-962.5406494140625,-1.6813912391662598,-1.2592097520828247,9.51063829787234,228,,,,,
0.0,1.032824243907271e-07,1.3636363636363634e-06,-7.8487396240234375,-59.629146575927734,1.0,51.78041076660156,-269.3168640136719,-930.372802734375,-1.6602658033370972,-1.277328372001648,9.553191489361701,229,,,,,
0.0,2.7464358912099307e-12,0.0,-8.62722396850586,-60.638309478759766,1.0,52.011085510253906,-277.39984130859375,-938.7747192382812,-1.6796077489852905,-1.2148990631103516,9.595744680851064,230,,,,,
,,,,,,,,,,,9.595744680851064,230,5170.1522,11.605,0.044,0.0,0.009421165693672677
